source,channel_name,channel_id,video_id,title,url,description,published_date,keyword,trust_score,query,view_count,like_count,duration,educational_score
trusted_channel,TED-Ed,UCsooa4yRKGN_zEE8iknghZA,2njn71TqkjA,What Earth in 2050 could look like - Shannon Odell,https://www.youtube.com/watch?v=2njn71TqkjA,What could our future world look like if we continue to do nothing about climate change? Take a look at the possibilities. -- While ...,2024-03-28T15:01:38Z,climate change,0.9,,,,,
trusted_channel,TED-Ed,UCsooa4yRKGN_zEE8iknghZA,ZCKRjP_DMII,Can wildlife adapt to climate change? - Erin Eastwood,https://www.youtube.com/watch?v=ZCKRjP_DMII,"View full lesson: http://ed.ted.com/lessons/can-wildlife-adapt-to-climate-change-erin-eastwood With rising temperatures and seas, ...",2016-03-03T16:17:52Z,climate change,0.9,,,,,
trusted_channel,TED-Ed,UCsooa4yRKGN_zEE8iknghZA,JYZpxRy5Mfg,Underwater farms vs. climate change - Ayana Elizabeth Johnson and Megan Davis,https://www.youtube.com/watch?v=JYZpxRy5Mfg,Dive into the world of aquaculture and see how restorative ocean farming could play a vital role in helping our coastal ...,2019-06-13T15:01:11Z,climate change,0.9,,,,,
trusted_channel,TED-Ed,UCsooa4yRKGN_zEE8iknghZA,3hxE7Af98AI,What if there were 1 trillion more trees? - Jean-Fran√ßois Bastin,https://www.youtube.com/watch?v=3hxE7Af98AI,How can trees help in the fight against climate change? Dig into the efforts to rebuild damaged ecosystems and reduce carbon ...,2020-10-27T15:00:30Z,climate change,0.9,,,,,
trusted_channel,TED-Ed,UCsooa4yRKGN_zEE8iknghZA,_vDZmVXtA7k,What the oil industry doesn‚Äôt want you to know - Stephanie Honchell Smith,https://www.youtube.com/watch?v=_vDZmVXtA7k,Uncover the oil industry's decades-long campaign to discredit climate change science regarding the danger of fossil fuels.,2024-07-25T15:00:40Z,climate change,0.9,,,,,
trusted_channel,TED-Ed,UCsooa4yRKGN_zEE8iknghZA,sDo7saKaEys,Cloudy climate change: How clouds affect Earth&#39;s temperature - Jasper Kirkby,https://www.youtube.com/watch?v=sDo7saKaEys,View full lesson: http://ed.ted.com/lessons/cloudy-climate-change-how-clouds-affect-earth-s-temperature-jasper-kirkby As the ...,2014-09-25T15:53:29Z,climate change,0.9,,,,,
trusted_channel,TED-Ed,UCsooa4yRKGN_zEE8iknghZA,ImmFkjFm-k0,Let&#39;s prepare for our new climate - Vicki Arroyo,https://www.youtube.com/watch?v=ImmFkjFm-k0,"As Vicki Arroyo says, it's time to prepare our homes and cities for our changing climate, with its increased risk of flooding, drought ...",2013-05-24T17:37:30Z,climate change,0.9,,,,,
trusted_channel,TED-Ed,UCsooa4yRKGN_zEE8iknghZA,M3XZBYVSnJ0,Where will you be able to live in 20 years? - Carol Farbotko and Ingrid Boas,https://www.youtube.com/watch?v=M3XZBYVSnJ0,Explore how coastal communities are impacted by climate change and how they're adapting to rising sea levels and extreme ...,2021-10-12T15:00:29Z,climate change,0.9,,,,,
trusted_channel,TED-Ed,UCsooa4yRKGN_zEE8iknghZA,128fp0rqfbE,The ‚Äúmyth‚Äù of the boiling frog,https://www.youtube.com/watch?v=128fp0rqfbE,Explore how greenhouse gas emissions impact global warming and why it's necessary to get emissions down to net zero. -- Since ...,2021-02-16T16:00:41Z,climate change,0.9,,,,,
trusted_channel,TED-Ed,UCsooa4yRKGN_zEE8iknghZA,bbxmH_Kj7fk,Does planting trees actually cool the planet? - Carolyn Beans,https://www.youtube.com/watch?v=bbxmH_Kj7fk,"Dig into common mistakes that tree-planting programs make, and explore strategies that can successfully re-green the planet.",2023-12-19T16:00:24Z,climate change,0.9,,,,,
trusted_channel,TED-Ed,UCsooa4yRKGN_zEE8iknghZA,-EJOO3xAjTk,How quantum mechanics explains global warming - Lieven Scheire,https://www.youtube.com/watch?v=-EJOO3xAjTk,View full lesson: http://ed.ted.com/lessons/how-quantum-mechanics-explains-global-warming-lieven-scheire You've probably ...,2014-07-17T15:05:01Z,global warming,0.9,,,,,
trusted_channel,TED-Ed,UCsooa4yRKGN_zEE8iknghZA,2fyX600dL2g,The trillion dollar paradox - George Zaidan,https://www.youtube.com/watch?v=2fyX600dL2g,"Explore the possibility of transitioning to a green economy, and if the trillion-dollar up-front cost is worth the investment. -- Global ...",2025-05-27T15:00:01Z,global warming,0.9,,,,,
trusted_channel,TED-Ed,UCsooa4yRKGN_zEE8iknghZA,RnvCbquYeIM,Can 100% renewable energy power the world? - Federico Rosei and Renzo Rosei,https://www.youtube.com/watch?v=RnvCbquYeIM,Check out our Patreon page: https://www.patreon.com/teded View full lesson: ...,2017-12-07T15:58:28Z,renewable energy,0.9,,,,,
trusted_channel,TED-Ed,UCsooa4yRKGN_zEE8iknghZA,xKxrkht7CpY,How do solar panels work? - Richard Komp,https://www.youtube.com/watch?v=xKxrkht7CpY,View full lesson: https://ed.ted.com/lessons/how-do-solar-panels-work-richard-komp The Earth intercepts a lot of solar power: ...,2016-01-05T16:35:38Z,renewable energy,0.9,,,,,
trusted_channel,TED-Ed,UCsooa4yRKGN_zEE8iknghZA,DW0jTe80kmM,How much land does it take to power the world?,https://www.youtube.com/watch?v=DW0jTe80kmM,"Explore the sustainability of fossil fuels, nuclear power, and renewable energy and how much space each of these power sources ...",2021-03-16T15:00:38Z,renewable energy,0.9,,,,,
trusted_channel,TED-Ed,UCsooa4yRKGN_zEE8iknghZA,WcLlpWmEpQ8,Why don‚Äôt we cover the desert with solar panels? - Dan Kwartler,https://www.youtube.com/watch?v=WcLlpWmEpQ8,"Explore what would happen if we covered the Sahara Desert in solar panels, and the possibility of it solving our energy crisis.",2021-10-18T14:59:59Z,renewable energy,0.9,,,,,
trusted_channel,TED-Ed,UCsooa4yRKGN_zEE8iknghZA,dhiWSsKUWEg,Should you switch to solar? - Shannon Odell,https://www.youtube.com/watch?v=dhiWSsKUWEg,"Explore how solar units can help you save money on energy costs, and the most common challenges of switching to solar power.",2023-06-22T15:01:02Z,renewable energy,0.9,,,,,
trusted_channel,TED-Ed,UCsooa4yRKGN_zEE8iknghZA,xy9nj94xvKA,How do wind turbines work? - Rebecca J. Barthelmie and Sara C. Pryor,https://www.youtube.com/watch?v=xy9nj94xvKA,"Explore how wind turbines convert wind into electricity, and the challenges of powering the world entirely with wind energy.",2021-04-22T15:00:33Z,renewable energy,0.9,,,,,
trusted_channel,TED-Ed,UCsooa4yRKGN_zEE8iknghZA,fHztd6k5ZXY,A guide to the energy of the Earth - Joshua M. Sneideman,https://www.youtube.com/watch?v=fHztd6k5ZXY,View full lesson: http://ed.ted.com/lessons/a-guide-to-the-energy-of-the-earth-joshua-m-sneideman Energy is neither created nor ...,2014-06-30T15:11:41Z,renewable energy,0.9,,,,,
trusted_channel,TED-Ed,UCsooa4yRKGN_zEE8iknghZA,tjwrG4Debc4,How much electricity does it take to power the world?,https://www.youtube.com/watch?v=tjwrG4Debc4,"Discover how much electricity humanity uses, and how clean energy sources could help revolutionize our energy supply in the ...",2021-03-09T16:00:35Z,renewable energy,0.9,,,,,
trusted_channel,TED-Ed,UCsooa4yRKGN_zEE8iknghZA,5Hb_ONJUA9I,Iceland&#39;s secret power - Jean-Baptiste P. Koehl,https://www.youtube.com/watch?v=5Hb_ONJUA9I,Explore how geothermal energy‚Äî the heat in the Earth's crust‚Äî is being used to create renewable electricity and power. -- While ...,2021-07-29T15:00:03Z,renewable energy,0.9,,,,,
trusted_channel,National Geographic,UCpVm7bg6pXKo1Pr6k5kxG9A,EtW2rrLHs08,Climate Change 101 with Bill Nye | National Geographic,https://www.youtube.com/watch?v=EtW2rrLHs08,"Climate Change is a real and serious issue. In this video Bill Nye, the Science Guy, explains what causes climate change, how it ...",2015-12-02T19:00:00Z,climate change,0.9,,,,,
trusted_channel,National Geographic,UCpVm7bg6pXKo1Pr6k5kxG9A,WJgpDyP9ewQ,Climate 101: Glaciers | National Geographic,https://www.youtube.com/watch?v=WJgpDyP9ewQ,"Glaciers appear on almost every continent. However, they are rapidly melting due to the warming climate. Find out how glaciers ...",2017-12-11T13:00:02Z,climate change,0.9,,,,,
trusted_channel,National Geographic,UCpVm7bg6pXKo1Pr6k5kxG9A,MEFkBeYhJdw,How can we protect the polar regions and fight climate change? We went to Paris to find out,https://www.youtube.com/watch?v=MEFkBeYhJdw,Nat Geo Explorer and wildlife filmmaker Bertie Gregory heads to Paris to speak with President Macron and leading scientists at ...,2023-11-14T19:40:31Z,climate change,0.9,,,,,
trusted_channel,National Geographic,UCpVm7bg6pXKo1Pr6k5kxG9A,B-nEYsyRlYo,His Epic Message Will Make You Want to Save the World | Short Film Showcase,https://www.youtube.com/watch?v=B-nEYsyRlYo,"As the human population continues to grow, so does our impact on the environment. In fact, recent research has shown that ...",2017-01-10T13:00:30Z,climate change,0.9,,,,,
trusted_channel,National Geographic,UCpVm7bg6pXKo1Pr6k5kxG9A,-5KEgq1f7J0,Mitigation and Adaptation: Human Stories of Hope | Explorers In The Field,https://www.youtube.com/watch?v=-5KEgq1f7J0,Join National Geographic Explorer Victoria Herrmann as she explains her work facilitating community adaptations to climate ...,2020-06-24T12:00:00Z,climate change,0.9,,,,,
trusted_channel,National Geographic,UCpVm7bg6pXKo1Pr6k5kxG9A,07PYCbcMgio,See the Extreme Ice Changes Near the Antarctic Peninsula | Short Film Showcase,https://www.youtube.com/watch?v=07PYCbcMgio,Join the Extreme Ice Survey (EIS) team on an expedition to South Georgia Island near the Antarctic Peninsula. This trip adds the ...,2015-10-07T12:00:00Z,climate change,0.9,,,,,
trusted_channel,National Geographic,UCpVm7bg6pXKo1Pr6k5kxG9A,FmbU36f4ios,Firefighters Battle the Infernos of Climate Change | Short Film Showcase,https://www.youtube.com/watch?v=FmbU36f4ios,Colorado firefighter Don Whittemore has battled some of the state's fiercest forest fires over the past several decades. He and ...,2016-05-01T18:00:00Z,climate change,0.9,,,,,
trusted_channel,National Geographic,UCpVm7bg6pXKo1Pr6k5kxG9A,zqJ7LQ8KGMc,Everest Weather - Data is in the Clouds | National Geographic,https://www.youtube.com/watch?v=zqJ7LQ8KGMc,"In 2019, members of the National Geographic and Rolex Perpetual Planet Everest Expedition set out to install five new weather ...",2020-10-20T12:00:35Z,climate change,0.9,,,,,
trusted_channel,National Geographic,UCpVm7bg6pXKo1Pr6k5kxG9A,3n63cqnhzVk,How Innovative Tech Helps Fight California‚Äôs Drought | National Geographic,https://www.youtube.com/watch?v=3n63cqnhzVk,"As the state's historic drought continues, scientists are turning to remote sensing from the skies. Orbiting satellites measure ...",2015-10-16T12:00:00Z,climate change,0.9,,,,,
trusted_channel,National Geographic,UCpVm7bg6pXKo1Pr6k5kxG9A,l0bKxgyEvTc,Rising Seas Are Swallowing This North American Island | National Geographic,https://www.youtube.com/watch?v=l0bKxgyEvTc,"Lennox Island is a small but culturally rich coastal community in Prince Edward Island, Canada, that is seeing the negative impact ...",2015-12-18T13:00:00Z,climate change,0.9,,,,,
trusted_channel,National Geographic,UCpVm7bg6pXKo1Pr6k5kxG9A,ZIpyxJY2Cd8,What If Your Home Was Slipping Into the Ocean? | National Geographic,https://www.youtube.com/watch?v=ZIpyxJY2Cd8,"North Carolina's barrier islands, known as the Outer Banks, are eroding as the sea level rises. This means some land‚Äîand ...",2014-07-25T13:31:21Z,global warming,0.9,,,,,
trusted_channel,National Geographic,UCpVm7bg6pXKo1Pr6k5kxG9A,pB_I6XR4c6I,Toxic Land Generates Solar Energy | National Geographic,https://www.youtube.com/watch?v=pB_I6XR4c6I,"January 9, 2013‚ÄîNew Jersey is turning eyesores into solar farms. The U.S. state has become a leader in solar energy capacity.",2013-01-11T14:24:51Z,renewable energy,0.9,,,,,
trusted_channel,National Geographic,UCpVm7bg6pXKo1Pr6k5kxG9A,YQba3ENhlKA,Solar Roads: Can Streets Become Giant Solar Panels? | National Geographic,https://www.youtube.com/watch?v=YQba3ENhlKA,"The sun's rays can hit some roads for up to 90 percent of the daylight hours, so companies in Europe and the U.S. are ...",2016-03-14T12:00:01Z,renewable energy,0.9,,,,,
trusted_channel,National Geographic,UCpVm7bg6pXKo1Pr6k5kxG9A,CH2BEW22oj4,Xiaolin Zheng: Solar Stickers to Power the World | Nat Geo Live,https://www.youtube.com/watch?v=CH2BEW22oj4,Xiaolin Zheng is a nanoscientist and National Geographic Emerging Explorer whose inventions are on the leading edge of a solar ...,2014-09-01T13:00:04Z,renewable energy,0.9,,,,,
trusted_channel,National Geographic,UCpVm7bg6pXKo1Pr6k5kxG9A,scl__1pQ5bc,Green Home Makeover | National Geographic,https://www.youtube.com/watch?v=scl__1pQ5bc,Sealing your house can keep you cozy and comfortable - and is one of the best ways to save on energy costs. ‚û° Subscribe: ...,2009-04-06T20:01:12Z,renewable energy,0.9,,,,,
trusted_channel,National Geographic,UCpVm7bg6pXKo1Pr6k5kxG9A,ZKOavgDCQYo,"In Coal Country, a Community Fights for Wind | National Geographic",https://www.youtube.com/watch?v=ZKOavgDCQYo,"In the heart of West Virginia's coal country, organizers fight for a wind farm that could save Coal River Mountain, where a mining ...",2014-03-20T17:42:05Z,renewable energy,0.9,,,,,
trusted_channel,National Geographic,UCpVm7bg6pXKo1Pr6k5kxG9A,EUXgz6RsEUo,Alex Honnold Explores Sustainability at Epcot | ourHOME | National Geographic,https://www.youtube.com/watch?v=EUXgz6RsEUo,"For Earth Month, Alex Honnold visited Walt Disney World to find out how the Sunshine State's namesake is helping to sustainably ...",2024-04-30T15:00:20Z,renewable energy,0.9,,,,,
trusted_channel,National Geographic,UCpVm7bg6pXKo1Pr6k5kxG9A,Qmxxsf_AJ3w,Flame Drill | National Geographic,https://www.youtube.com/watch?v=Qmxxsf_AJ3w,Innovative technology may bring geothermal energy to the forefront of green alternatives. ‚û° Subscribe: ...,2009-06-12T13:21:14Z,renewable energy,0.9,,,,,
trusted_channel,National Geographic,UCpVm7bg6pXKo1Pr6k5kxG9A,ZsJUs_mfQMY,Sewer Power | National Geographic,https://www.youtube.com/watch?v=ZsJUs_mfQMY,LA's massive sewer treatment plant utilizes the energy from the byproduct of methane gas for 85% of its power. Super Sewer ...,2007-11-29T20:07:55Z,renewable energy,0.9,,,,,
trusted_channel,National Geographic,UCpVm7bg6pXKo1Pr6k5kxG9A,IwdtXGAtgvE,Harness the Waves | National Geographic,https://www.youtube.com/watch?v=IwdtXGAtgvE,The power carried through ocean waves offers great opportunity -- if the design can withstand the force. ‚û° Subscribe: ...,2009-03-12T23:34:03Z,renewable energy,0.9,,,,,
trusted_channel,National Geographic,UCpVm7bg6pXKo1Pr6k5kxG9A,raUyrYRiqt4,Movement | 10 Days of Genius | National Geographic,https://www.youtube.com/watch?v=raUyrYRiqt4,"Just after her father passes away, a woman discovers his love for dance. She learns his dance moves as a way to remember him ...",2017-06-02T16:09:06Z,renewable energy,0.9,,,,,
trusted_channel,BBC Earth,UCwmZiChSryoWQCZMIQezgTg,dIsjcG7hTmo,When The World Gets 1‚ÑÉ Hotter | Climate Change: The Facts | BBC Earth,https://www.youtube.com/watch?v=dIsjcG7hTmo,"From the moment we wake up to when we go to sleep we are all using energy, this emissions from this constant generation of ...",2021-11-04T14:00:13Z,climate change,0.9,,,,,
trusted_channel,BBC Earth,UCwmZiChSryoWQCZMIQezgTg,febBRv2Vftk,The Tipping Point | Climate Change: The Facts | BBC Earth,https://www.youtube.com/watch?v=febBRv2Vftk,A tipping point is where even a slight amount of warming can move the climate into an irreversible state. Subscribe: ...,2021-11-13T14:00:12Z,climate change,0.9,,,,,
trusted_channel,BBC Earth,UCwmZiChSryoWQCZMIQezgTg,B5Fwl4P4EW8,The Tragedy Of Deforestation | Climate Change: The Facts | BBC Earth,https://www.youtube.com/watch?v=B5Fwl4P4EW8,"Forests are our way out, as they help absorb the atmosphere's carbon dioxide - and we're killing them. Subscribe: ...",2021-11-11T14:00:10Z,climate change,0.9,,,,,
trusted_channel,BBC Earth,UCwmZiChSryoWQCZMIQezgTg,NB6_5lbpl3A,How Climate Change Affects Penguin Life | Natural World: Penguins of the Antarctic | BBC Earth,https://www.youtube.com/watch?v=NB6_5lbpl3A,The delicate eco-system in which Penguin life exists is in jeopardy. Watch how climate change has already impacted daily life for ...,2020-12-26T17:00:07Z,climate change,0.9,,,,,
trusted_channel,BBC Earth,UCwmZiChSryoWQCZMIQezgTg,i730XRQm0A8,What Global Warming Means for Caribou | Our Frozen Planet | BBC Earth,https://www.youtube.com/watch?v=i730XRQm0A8,"Caribou migration routes are under threat. Each year, caribou make migrations in their thousands across the Arctic. But as the ...",2022-11-08T18:00:31Z,climate change,0.9,,,,,
trusted_channel,BBC Earth,UCwmZiChSryoWQCZMIQezgTg,NyLt-m_UqUM,Is There Hope for Reindeer in a Warming Arctic? | Our Frozen Planet | BBC Earth,https://www.youtube.com/watch?v=NyLt-m_UqUM,These Nomadic herders have migrated with reindeer for generations. But traditions are changing ‚Äì along with the place they call ...,2022-12-22T18:00:07Z,climate change,0.9,,,,,
trusted_channel,BBC Earth,UCwmZiChSryoWQCZMIQezgTg,un2_TgSWq1c,How Marine Iguanas are Surviving Climate Change | BBC Earth,https://www.youtube.com/watch?v=un2_TgSWq1c,Marine Iguana of the Galapagos can change in size in order to survive the El Ni√±o hurricane. Subscribe to BBC Earth for more ...,2018-10-27T17:00:04Z,climate change,0.9,,,,,
trusted_channel,BBC Earth,UCwmZiChSryoWQCZMIQezgTg,rFdkrgj0NG0,Climate Refugees Seek Shelter in a Mountain Refuge | Our Frozen Planet | BBC Earth,https://www.youtube.com/watch?v=rFdkrgj0NG0,There could be more than 1 billion climate refugees by 2050. The Appalachian Mountains promise a safe haven for America's ...,2023-01-17T18:00:21Z,climate change,0.9,,,,,
trusted_channel,BBC Earth,UCwmZiChSryoWQCZMIQezgTg,1_HBgvmrhGU,The Future Of The Oceans | Blue Planet II,https://www.youtube.com/watch?v=1_HBgvmrhGU,USA: Watch Blue Planet II on BBC America - 9pm Saturdays from 20th January 2018. Subscribe to BBC Earth for more amazing ...,2017-12-10T14:15:35Z,climate change,0.9,,,,,
trusted_channel,BBC Earth,UCwmZiChSryoWQCZMIQezgTg,cyAKX_jYnvI,What Happens If Everest Melts? | Our Frozen Planet | BBC Earth,https://www.youtube.com/watch?v=cyAKX_jYnvI,Research into one of our most iconic peaks is uncovering an alarming reality. #OurFrozenPlanet tells stories of communities on ...,2022-12-15T14:00:18Z,climate change,0.9,,,,,
trusted_channel,BBC Earth,UCwmZiChSryoWQCZMIQezgTg,c0TJsFpvj_A,Harp Seal Pups are Losing their Homes | Our Frozen Planet | BBC Earth,https://www.youtube.com/watch?v=c0TJsFpvj_A,"On opposite ends of our planet, two remarkably similar stories are playing out... and what links them is our changing climate.",2022-10-25T17:00:31Z,global warming,0.9,,,,,
trusted_channel,BBC Earth,UCwmZiChSryoWQCZMIQezgTg,93nk2xIRcbk,Are Underwater Farms the Future of Food? | Our Frozen Planet | BBC Earth,https://www.youtube.com/watch?v=93nk2xIRcbk,"Could underwater farms be the future of food? Meet Bren Smith, former fisherman turned regenerative ocean farmer, who is ...",2023-03-23T14:00:05Z,global warming,0.9,,,,,
trusted_channel,Crash Course,UCX6b17PVsYBQ0ip5gyeme-Q,tMwFNMfjFuU,What is Climate Change? Crash Course Geography #14,https://www.youtube.com/watch?v=tMwFNMfjFuU,Today we're going to talk about climate change which is when there is a change in the average weather patterns in a region over ...,2021-05-03T21:15:32Z,climate change,0.9,,,,,
trusted_channel,Crash Course,UCX6b17PVsYBQ0ip5gyeme-Q,Y1mPWVzaGQY,What is Climate Change?: Crash Course Biology #8,https://www.youtube.com/watch?v=Y1mPWVzaGQY,Life on Earth has weathered boiling-hot oceans and volcanic-ash-darkened skies‚Äîbut that's nothing like the climate change ...,2023-08-15T15:00:19Z,climate change,0.9,,,,,
trusted_channel,Crash Course,UCX6b17PVsYBQ0ip5gyeme-Q,9PFhrpyWV-w,What is Climate Change?: Crash Course Climate &amp; Energy #1,https://www.youtube.com/watch?v=9PFhrpyWV-w,"We know that temperatures on Earth have fluctuated dramatically in the past, but we also know that by burning fossil fuels we are ...",2022-12-07T17:00:05Z,climate change,0.9,,,,,
trusted_channel,Crash Course,UCX6b17PVsYBQ0ip5gyeme-Q,ML70W4O6F4E,The Hidden Price of Climate Change: Crash Course Climate &amp; Energy #11,https://www.youtube.com/watch?v=ML70W4O6F4E,"Ditching fossil fuels is the most important thing we can do to combat climate change, but it can feel like wandering through a ...",2023-04-12T16:00:24Z,climate change,0.9,,,,,
trusted_channel,Crash Course,UCX6b17PVsYBQ0ip5gyeme-Q,HsAUGbUgx6Y,The Effects of Climate Change: Crash Course Biology #9,https://www.youtube.com/watch?v=HsAUGbUgx6Y,"Climate change shakes up all of Earth's systems, including the living ones. In this episode of Crash Course Biology, we'll see how ...",2023-08-22T16:00:10Z,climate change,0.9,,,,,
trusted_channel,Crash Course,UCX6b17PVsYBQ0ip5gyeme-Q,3p51wKUuwOU,How Can We Respond to Climate Change?: Crash Course Climate &amp; Energy #12,https://www.youtube.com/watch?v=3p51wKUuwOU,"Now that we know how complex and interwoven climate change is with society globally, we can begin to see it everywhere.",2023-04-26T16:00:07Z,climate change,0.9,,,,,
trusted_channel,Crash Course,UCX6b17PVsYBQ0ip5gyeme-Q,5eTCZ9L834s,5 Human Impacts on the Environment: Crash Course Ecology #10,https://www.youtube.com/watch?v=5eTCZ9L834s,Hank gives the rundown on the top five ways humans are negatively impacting the environment and having detrimental effects on ...,2013-01-08T01:14:55Z,climate change,0.9,,,,,
trusted_channel,Crash Course,UCX6b17PVsYBQ0ip5gyeme-Q,eVUuwHGLIYo,How Will Climate Change Continue to Affect Us?: Crash Course Climate &amp; Energy #8,https://www.youtube.com/watch?v=eVUuwHGLIYo,"Our warming planet isn't just a threat to future generations; it's a threat to us right now. If we don't mitigate it, the continued rise in ...",2023-03-15T16:00:33Z,climate change,0.9,,,,,
trusted_channel,Crash Course,UCX6b17PVsYBQ0ip5gyeme-Q,YF8AAJSTJoM,"Climate Change, Chaos, and The Little Ice Age: Crash Course World History #206",https://www.youtube.com/watch?v=YF8AAJSTJoM,In which John Green teaches you about the Little Ice Age. The Little Ice Age was a period of global cooling that occurred from the ...,2014-08-21T23:29:57Z,climate change,0.9,,,,,
trusted_channel,Crash Course,UCX6b17PVsYBQ0ip5gyeme-Q,g3vf0I_j9kk,How the Environment Affects Your Health: Crash Course Public Health #3,https://www.youtube.com/watch?v=g3vf0I_j9kk,There is no denying the effect that our environment has on us. Things like water and air pollution are detrimental to our health.,2022-08-18T17:00:23Z,climate change,0.9,,,,,
trusted_channel,Crash Course,UCX6b17PVsYBQ0ip5gyeme-Q,pT7vRUGeEtA,Can We Make Electricity Without Fossil Fuels?: Crash Course Climate &amp; Energy #3,https://www.youtube.com/watch?v=pT7vRUGeEtA,Nearly a third of all our greenhouse gas emissions come from generating electricity. Scientists agree that we have to find ways to ...,2023-01-04T17:00:29Z,global warming,0.9,,,,,
trusted_channel,Crash Course,UCX6b17PVsYBQ0ip5gyeme-Q,dhFlDkES6Ws,Crash Course Climate &amp; Energy Preview,https://www.youtube.com/watch?v=dhFlDkES6Ws,"Welcome to Crash Course Climate and Energy! Over the next 12 episodes, we're going to take a look at the ways climate change ...",2022-11-30T17:00:32Z,global warming,0.9,,,,,
trusted_channel,Crash Course,UCX6b17PVsYBQ0ip5gyeme-Q,Z5YvjG4lTpQ,International Climate Agreements: Crash Course Climate &amp; Energy #10,https://www.youtube.com/watch?v=Z5YvjG4lTpQ,"Climate change is being addressed by individuals, activist groups, and large corporations, but it's going to take getting entire ...",2023-04-05T16:00:17Z,global warming,0.9,,,,,
trusted_channel,Crash Course,UCX6b17PVsYBQ0ip5gyeme-Q,4k5gyYAAEEU,The Engineering Challenges of Renewable Energy: Crash Course Engineering #30,https://www.youtube.com/watch?v=4k5gyYAAEEU,"This week we are looking at renewable energy sources and why we need them. We'll explore hydropower, wind, geothermal, and ...",2019-01-03T21:00:50Z,renewable energy,0.9,,,,,
trusted_channel,Crash Course,UCX6b17PVsYBQ0ip5gyeme-Q,v6uRuNboy4A,The Future of Clean Energy: Crash Course Engineering #31,https://www.youtube.com/watch?v=v6uRuNboy4A,"This week we are exploring alternative energy sources. We'll look at how biomass can be burned as a fuel source, how hydrogen ...",2019-01-10T21:05:15Z,renewable energy,0.9,,,,,
trusted_channel,Crash Course,UCX6b17PVsYBQ0ip5gyeme-Q,rDkaZWirNME,How Can We Store Renewable Energy?: Crash Course Climate &amp; Energy #4,https://www.youtube.com/watch?v=rDkaZWirNME,"Decarbonizing our power production is vitally important if we want to curtail climate change, but there are some major logistical ...",2023-01-18T17:00:35Z,renewable energy,0.9,,,,,
trusted_channel,Crash Course,UCX6b17PVsYBQ0ip5gyeme-Q,EM1IyIyr-Zc,Humans and Energy: Crash Course World History 207,https://www.youtube.com/watch?v=EM1IyIyr-Zc,In which Stan Muller subs for John Green and teaches you about energy and humanity. Today we discuss the ideas put forth by ...,2014-08-28T21:25:45Z,renewable energy,0.9,,,,,
trusted_channel,Crash Course,UCX6b17PVsYBQ0ip5gyeme-Q,ivWXuOd5SrI,"Silicon, Semiconductors, &amp; Solar Cells: Crash Course Engineering #22",https://www.youtube.com/watch?v=ivWXuOd5SrI,"Today we're looking at silicon, and how introducing small amounts of other elements allow silicon layers to conduct currents, ...",2018-10-25T21:01:54Z,renewable energy,0.9,,,,,
trusted_channel,Crash Course,UCX6b17PVsYBQ0ip5gyeme-Q,7ODrQW0vSmA,Are Natural Disasters Actually Natural? (Climate Justice): Crash Course Climate &amp; Energy #9,https://www.youtube.com/watch?v=7ODrQW0vSmA,"Climate change has no bias, but our societies and systems do. And although it's a danger to all of us, a changing climate affects ...",2023-03-22T19:30:01Z,renewable energy,0.9,,,,,
trusted_channel,Crash Course,UCX6b17PVsYBQ0ip5gyeme-Q,Q26Z4JWVZvk,Why Do We Release So Much Gas?: Crash Course Climate &amp; Energy #2,https://www.youtube.com/watch?v=Q26Z4JWVZvk,The carbon dioxide we're pumping into the air every day is causing unprecedented global warming and climate change. In this ...,2022-12-21T17:00:15Z,renewable energy,0.9,,,,,
trusted_channel,Crash Course,UCX6b17PVsYBQ0ip5gyeme-Q,1-YtC3nwWwU,Can We Gas Up... Without Gas?: Crash Course Climate &amp; Energy #6,https://www.youtube.com/watch?v=1-YtC3nwWwU,"From the cars that take us downtown to the airplanes that fly us across the globe, transportation is one of the most visible and ...",2023-02-15T17:00:01Z,renewable energy,0.9,,,,,
trusted_channel,MinuteEarth,UCeiYXex_fwgYDonaTcSIk6w,vbE5PSu-p0s,America&#39;s Energy Future: MinuteEarth At The DemDebate,https://www.youtube.com/watch?v=vbE5PSu-p0s,YouTube and NBC invited us to make a video for the final Democratic Candidate's Debate before the US Presidential primaries.,2016-01-18T05:46:46Z,climate change,0.9,,,,,
trusted_channel,MinuteEarth,UCeiYXex_fwgYDonaTcSIk6w,BPRmvlc7ysk,Extreme Weather | MinuteEarth Explains,https://www.youtube.com/watch?v=BPRmvlc7ysk,Thanks to Keeps for sponsoring this video. Go to https://keeps.com/minuteearth to learn more and to get 50% off your first order of ...,2020-07-13T17:20:44Z,climate change,0.9,,,,,
trusted_channel,MinuteEarth,UCeiYXex_fwgYDonaTcSIk6w,m69_zJTfmbs,Apparently tree FINGERPRINTS are a thing,https://www.youtube.com/watch?v=m69_zJTfmbs,Thanks to the ASCEND project for partnering with us on this video! Every species on Earth has a fingerprint - whether or not they ...,2023-10-05T16:11:00Z,climate change,0.9,,,,,
trusted_channel,MinuteEarth,UCeiYXex_fwgYDonaTcSIk6w,lOQqGKt52X8,How To Solve Every Global Crisis,https://www.youtube.com/watch?v=lOQqGKt52X8,Check out the heroes who saved the ozone layer at https://futureoflife.org/future-of-life-award/ Lots of global problems seem ...,2021-09-16T15:31:20Z,climate change,0.9,,,,,
trusted_channel,MinuteEarth,UCeiYXex_fwgYDonaTcSIk6w,GLLKeXbSKJ0,Why It&#39;s Impossible To Win a Nuclear War,https://www.youtube.com/watch?v=GLLKeXbSKJ0,Check out the recipients of the 2022 Future of Life Award at https://futureoflife.org/future-of-life-award/ Nuclear war is a terrifying ...,2022-12-15T18:15:09Z,climate change,0.9,,,,,
trusted_channel,MinuteEarth,UCeiYXex_fwgYDonaTcSIk6w,SHJDgWWGZo4,How To Go Extinct,https://www.youtube.com/watch?v=SHJDgWWGZo4,Sign up for your FREE trial to The Great Courses Plus here: http://ow.ly/Nkq830qWCSh Our new evolution simulator reveals that ...,2020-07-31T15:38:00Z,climate change,0.9,,,,,
trusted_channel,MinuteEarth,UCeiYXex_fwgYDonaTcSIk6w,CgU8ZNEUr0Y,Why Do You Make So Many Poop Videos? (&amp; Other Questions),https://www.youtube.com/watch?v=CgU8ZNEUr0Y,"We answer your burning questions in our first-ever Q&A video. Thanks for asking, and for watching!! Thanks also to our patrons ...",2018-10-31T14:36:56Z,climate change,0.9,,,,,
trusted_channel,MinuteEarth,UCeiYXex_fwgYDonaTcSIk6w,DME1vicSb1M,MinuteEarth Explains: Size,https://www.youtube.com/watch?v=DME1vicSb1M,"In this collection of classic MinuteEarth videos, we tackle the science of size. We originally created the videos in the ‚ÄúMinuteEarth ...",2020-03-23T21:22:17Z,climate change,0.9,,,,,
trusted_channel,MinuteEarth,UCeiYXex_fwgYDonaTcSIk6w,Nss9MYvuIAo,MinuteEarth Explains: Birds,https://www.youtube.com/watch?v=Nss9MYvuIAo,"This summer, we partnered with Nate Senner of the University of Massachusetts Amherst and Tebughna School in Beluga, Alaska ...",2022-08-15T17:48:47Z,climate change,0.9,,,,,
trusted_channel,MinuteEarth,UCeiYXex_fwgYDonaTcSIk6w,FydLdwwnGeI,Unintended Consequences | MinuteEarth Explains,https://www.youtube.com/watch?v=FydLdwwnGeI,"Check out Brilliant (and get 20% off) here: https://brilliant.org/MinuteEarth/ In this collection of classic MinuteEarth videos, we learn ...",2020-06-29T19:07:04Z,climate change,0.9,,,,,
trusted_channel,MinuteEarth,UCeiYXex_fwgYDonaTcSIk6w,WPPV6Jbsb5c,How Much Gold is in Our Poop?,https://www.youtube.com/watch?v=WPPV6Jbsb5c,Go to our partner https://www.trymintmobile.com/minuteearth to get premium wireless for as low as $15 a month. Special offer ...,2024-02-02T17:15:02Z,renewable energy,0.9,,,,,
trusted_channel,Kurzgesagt,UCsXVk37bltHxD1rDPwtNM8Q,EhAemz1v7dQ,Do we Need Nuclear Energy to Stop Climate Change?,https://www.youtube.com/watch?v=EhAemz1v7dQ,Get Merch designed with ‚ù§ from https://kgs.link/shop-140 Join the Patreon Bird Army https://kgs.link/patreon ‚ñΩ‚ñΩ More infos ...,2021-04-13T14:00:11Z,climate change,0.9,,,,,
trusted_channel,Kurzgesagt,UCsXVk37bltHxD1rDPwtNM8Q,LxgMdjyw8uw,We WILL Fix Climate Change!,https://www.youtube.com/watch?v=LxgMdjyw8uw,Getting something from the kurzgesagt shop is the best way to support us and to keep our videos free for everyone.,2022-04-05T13:59:18Z,climate change,0.9,,,,,
trusted_channel,Kurzgesagt,UCsXVk37bltHxD1rDPwtNM8Q,ipVxxxqwBQw,Who Is Responsible For Climate Change? ‚Äì Who Needs To Fix It?,https://www.youtube.com/watch?v=ipVxxxqwBQw,Sources & further reading: https://sites.google.com/view/sourcesclimateresponsibility/ Special thanks to the team at Our World for ...,2020-06-21T12:29:44Z,climate change,0.9,,,,,
trusted_channel,Kurzgesagt,UCsXVk37bltHxD1rDPwtNM8Q,yiw6_JakZFc,Can YOU Fix Climate Change?,https://www.youtube.com/watch?v=yiw6_JakZFc,You want to learn more about science? Check out our sciency products on the kurzgesagt shop ‚Äì all designed with love and ...,2021-09-22T13:59:24Z,climate change,0.9,,,,,
trusted_channel,Kurzgesagt,UCsXVk37bltHxD1rDPwtNM8Q,wbR-5mHI6bo,"Is It Too Late To Stop Climate Change? Well, it&#39;s Complicated.",https://www.youtube.com/watch?v=wbR-5mHI6bo,Head over to our shop to get exclusive kurzgesagt merch and sciency products designed with love. Getting something from the ...,2020-09-29T14:00:26Z,climate change,0.9,,,,,
trusted_channel,Kurzgesagt,UCsXVk37bltHxD1rDPwtNM8Q,dSu5sXmsur4,Geoengineering: A Horrible Idea We Might Have to Do,https://www.youtube.com/watch?v=dSu5sXmsur4,Get Merch designed with ‚ù§ from https://kgs.link/shop-133 Join the Patreon Bird Army https://kgs.link/patreon ‚ñΩ‚ñΩ More infos ...,2020-10-27T15:00:02Z,climate change,0.9,,,,,
trusted_channel,Kurzgesagt,UCsXVk37bltHxD1rDPwtNM8Q,F1Hq8eVOMHs,Is Meat Really that Bad?,https://www.youtube.com/watch?v=F1Hq8eVOMHs,Getting something from the kurzgesagt shop is the best way to support us and to keep our videos free for everyone.,2021-11-30T15:01:34Z,climate change,0.9,,,,,
trusted_channel,Kurzgesagt,UCsXVk37bltHxD1rDPwtNM8Q,UuGrBhK2c7U,The Gulf Stream Explained,https://www.youtube.com/watch?v=UuGrBhK2c7U,Learn about the role of the sea in global warming. The global conveyer belt is part of the large-scale ocean circulation that is ...,2013-10-11T19:11:39Z,climate change,0.9,,,,,
trusted_channel,Kurzgesagt,UCsXVk37bltHxD1rDPwtNM8Q,75d_29QWELk,Change Your Life ‚Äì One Tiny Step at a Time,https://www.youtube.com/watch?v=75d_29QWELk,Change Your Life ‚Äì One Tiny Step at a Time Get your Habit Journal here: https://kgs.link/shop-162 Sources & further reading: ...,2022-06-07T14:00:05Z,climate change,0.9,,,,,
trusted_channel,Kurzgesagt,UCsXVk37bltHxD1rDPwtNM8Q,fa8k8IQ1_X0,A.I. ‚Äê Humanity&#39;s Final Invention?,https://www.youtube.com/watch?v=fa8k8IQ1_X0,Go to https://brilliant.org/nutshell/ to dive deeper into these topics and more with a free 30-day trial + 20% off the premium ...,2024-08-06T14:00:09Z,climate change,0.9,,,,,
trusted_channel,Kurzgesagt,UCsXVk37bltHxD1rDPwtNM8Q,LBudghsdByQ,Why Humans Are Vanishing,https://www.youtube.com/watch?v=LBudghsdByQ,Go to https://brilliant.org/nutshell/ to dive deeper into these topics and more with a free 30-day trial + 20% off for the first 200 ...,2023-10-04T14:00:02Z,global warming,0.9,,,,,
trusted_channel,Kurzgesagt,UCsXVk37bltHxD1rDPwtNM8Q,LrIRuqr_Ozg,What Happens AFTER Nuclear War?,https://www.youtube.com/watch?v=LrIRuqr_Ozg,This video was made possible through a grant by Open Philanthropy. Sources & further reading: ...,2024-02-20T15:00:02Z,global warming,0.9,,,,,
trusted_channel,Kurzgesagt,UCsXVk37bltHxD1rDPwtNM8Q,rcOFV4y5z8c,Nuclear Energy Explained: How does it work? 1/3,https://www.youtube.com/watch?v=rcOFV4y5z8c,Nuclear Energy Explained: How does it work? Nuclear Energy is a controversial subject. The pro- and anti-nuclear lobbies fight ...,2015-03-26T13:24:03Z,renewable energy,0.9,,,,,
trusted_channel,Kurzgesagt,UCsXVk37bltHxD1rDPwtNM8Q,mZsaaturR6E,Fusion Power Explained ‚Äì Future or Failure,https://www.youtube.com/watch?v=mZsaaturR6E,How does Fusion Energy work and is it a good idea? OUR CHANNELS ...,2016-11-10T17:26:44Z,renewable energy,0.9,,,,,
trusted_channel,Kurzgesagt,UCsXVk37bltHxD1rDPwtNM8Q,pP44EPBMb8A,How to Build a Dyson Sphere - The Ultimate Megastructure,https://www.youtube.com/watch?v=pP44EPBMb8A,"If humans want to expand into space, it will take us incredible amounts of energy. How do we do that? Easy: we will just use the ...",2018-12-20T13:30:22Z,renewable energy,0.9,,,,,
trusted_channel,Kurzgesagt,UCsXVk37bltHxD1rDPwtNM8Q,Jzfpyo-q-RM,Worst Nuclear Accidents in History,https://www.youtube.com/watch?v=Jzfpyo-q-RM,Get Merch designed with ‚ù§ from https://kgs.link/shop-138 Join the Patreon Bird Army https://kgs.link/patreon ‚ñΩ‚ñΩ More infos ...,2021-02-02T15:02:01Z,renewable energy,0.9,,,,,
trusted_channel,Kurzgesagt,UCsXVk37bltHxD1rDPwtNM8Q,QImCld9YubE,"Why Are You Alive ‚Äì Life, Energy &amp; ATP",https://www.youtube.com/watch?v=QImCld9YubE,Get Merch designed with ‚ù§ from https://kgs.link/shop-121 Join the Patreon Bird Army https://kgs.link/patreon ‚ñΩ‚ñΩ More infos ...,2020-05-10T12:30:08Z,renewable energy,0.9,,,,,
trusted_channel,Kurzgesagt,UCsXVk37bltHxD1rDPwtNM8Q,J0ldO87Pprc,What Happens If We Bring the Sun to Earth?,https://www.youtube.com/watch?v=J0ldO87Pprc,Glow up your space with posters that don't just shine ‚Äì they spark curiosity ‚ú® Get your own beautifully crafted space poster (and ...,2017-09-07T12:30:00Z,renewable energy,0.9,,,,,
trusted_channel,Veritasium,UCHnyfMqiRRG1u-2MsSQLbXA,eNx9tvCrvv8,Climate Change is Boring,https://www.youtube.com/watch?v=eNx9tvCrvv8,"Have your voice heard at the UN Climate Summit in NYC, September 23: http://bit.ly/WhyNotVe Interview filming by Chris ...",2014-08-29T22:47:26Z,climate change,0.9,,,,,
trusted_channel,Veritasium,UCHnyfMqiRRG1u-2MsSQLbXA,OWXoRSIxyIU,13 Misconceptions About Global Warming,https://www.youtube.com/watch?v=OWXoRSIxyIU,Donate to the IPCC to prevent climate change ‚Üí https://ve42.co/donateIPCC Common misconceptions about climate change.,2014-09-22T17:36:43Z,climate change,0.9,,,,,
trusted_channel,Veritasium,UCHnyfMqiRRG1u-2MsSQLbXA,XeSu9fBJ2sI,The Most Controversial Problem in Philosophy,https://www.youtube.com/watch?v=XeSu9fBJ2sI,"For decades, the Sleeping Beauty Problem has divided people between two answers. Head to https://brilliant.org/veritasium to ...",2023-02-11T17:58:50Z,climate change,0.9,,,,,
trusted_channel,Veritasium,UCHnyfMqiRRG1u-2MsSQLbXA,lGJEihgN4OU,The Rainiest Place On Earth,https://www.youtube.com/watch?v=lGJEihgN4OU,The rainiest place on earth isn't where you might expect. Get exclusive NordVPN deal here ‚ûµ https://NordVPN.com/veritasium.,2024-01-26T17:50:45Z,climate change,0.9,,,,,
trusted_channel,Veritasium,UCHnyfMqiRRG1u-2MsSQLbXA,2_OEsf-1qgY,Inside the Svalbard Seed Vault,https://www.youtube.com/watch?v=2_OEsf-1qgY,A rare look inside the Svalbard Global Seed Vault which is closed ~350 days a year Check out Audible: http://bit.ly/AudibleVe ...,2016-05-04T14:00:01Z,climate change,0.9,,,,,
trusted_channel,Veritasium,UCHnyfMqiRRG1u-2MsSQLbXA,6YOz9Pxnzho,An Astronaut&#39;s View of Earth,https://www.youtube.com/watch?v=6YOz9Pxnzho,What it's like to see the Earth from orbit. Special thanks to Col. Chris Hadfield for chatting with me. http://chrishadfield.ca/ Space ...,2015-02-09T16:33:14Z,climate change,0.9,,,,,
trusted_channel,Veritasium,UCHnyfMqiRRG1u-2MsSQLbXA,Grv1RJkdyqI,I Asked Bill Gates What&#39;s The Next Crisis?,https://www.youtube.com/watch?v=Grv1RJkdyqI,I got the chance to interview Bill Gates so I asked him: Will Covid-19 be the last pandemic? How does he deal with misinformation ...,2021-02-04T14:00:03Z,climate change,0.9,,,,,
trusted_channel,Veritasium,UCHnyfMqiRRG1u-2MsSQLbXA,vjDYfvPW4mA,What Everyone Gets Wrong About Planes,https://www.youtube.com/watch?v=vjDYfvPW4mA,Myths and misconceptions about planes. Go to https://groundnews.com/Ver to see through media misconceptions and get all ...,2024-08-31T23:50:38Z,climate change,0.9,,,,,
trusted_channel,Veritasium,UCHnyfMqiRRG1u-2MsSQLbXA,Yl_K2Ata6XY,Is Our Food Becoming Less Nutritious?,https://www.youtube.com/watch?v=Yl_K2Ata6XY,"The nutrient content of food is declining. Is it because of soil depletion, selective breeding, or... something else? Watch my new ...",2018-08-24T14:00:06Z,climate change,0.9,,,,,
trusted_channel,Veritasium,UCHnyfMqiRRG1u-2MsSQLbXA,GEmuEWjHr5c,The Most Persistent Myth,https://www.youtube.com/watch?v=GEmuEWjHr5c,"Many technologies have promised to revolutionize education, but so far none has. With that in mind, what could revolutionize ...",2014-12-01T15:30:03Z,climate change,0.9,,,,,
trusted_channel,Veritasium,UCHnyfMqiRRG1u-2MsSQLbXA,Ux33-5k8cjg,Where Does The Sun Get Its Energy?,https://www.youtube.com/watch?v=Ux33-5k8cjg,The sun has been producing light for about five billion years but where does all its energy come from? The most common idea is ...,2012-05-06T16:27:16Z,global warming,0.9,,,,,
trusted_channel,Veritasium,UCHnyfMqiRRG1u-2MsSQLbXA,LgrXd0NM2y8,What the Fahrenheit?!,https://www.youtube.com/watch?v=LgrXd0NM2y8,The crazy story of the arbitrary temperature scale used in a tiny minority of countries. Check out Audible: http://bit.ly/AudibleVe ...,2016-11-28T15:32:12Z,global warming,0.9,,,,,
trusted_channel,Veritasium,UCHnyfMqiRRG1u-2MsSQLbXA,czjisEGe5Cw,The Problem With Science Communication,https://www.youtube.com/watch?v=czjisEGe5Cw,"To kickstart your business or online store with a free trial of Shopify, go to http://shopify.com/veritasium If you're looking for a ...",2023-10-31T23:00:20Z,global warming,0.9,,,,,
trusted_channel,Veritasium,UCHnyfMqiRRG1u-2MsSQLbXA,hbXDLKFkjm0,3 Sources of Water on the Moon,https://www.youtube.com/watch?v=hbXDLKFkjm0,"NEW CHANNEL! http://youtube.com/sciencium For a long time we thought the Moon was completely dry, but it turns out there are ...",2017-02-08T14:30:01Z,global warming,0.9,,,,,
trusted_channel,Veritasium,UCHnyfMqiRRG1u-2MsSQLbXA,5RLQ9WMP2Es,Ice Spikes Explained,https://www.youtube.com/watch?v=5RLQ9WMP2Es,Why do spikes form on ice cubes? Without them the world would be vastly different. Awesome Jingle by Accent: ...,2015-05-28T15:00:01Z,global warming,0.9,,,,,
trusted_channel,Veritasium,UCHnyfMqiRRG1u-2MsSQLbXA,bHIhgxav9LY,The Big Misconception About Electricity,https://www.youtube.com/watch?v=bHIhgxav9LY,"The misconception is that electrons carry potential energy around a complete conducting loop, transferring their energy to the load ...",2021-11-19T18:26:03Z,renewable energy,0.9,,,,,
search,DW Planet A,,pHRu0VV-Dbw,This is just how unfair climate change is,https://www.youtube.com/watch?v=pHRu0VV-Dbw,"We're all living through the climate crisis. But we're not all in it together. So what exactly does climate change have to do with social injustice? And how can we fix it? This is climate justice explained. 

We're destroying our environment at an alarming rate. But it doesn't need to be this way. O",2021-05-21T14:00:17Z,,,climate change explained documentary,127602,2632,PT10M11S,0.8
search,Science ABC,,G9t__9Tmwv4,Climate Change and Global Warming: Explained in Simple Words for Beginners,https://www.youtube.com/watch?v=G9t__9Tmwv4,"The term climate change is used to denote the long-term changes in the weather patterns in a given region. Another term often interchanged with climate change is global warming. Global warming is formally defined as a rise in Earth's temperature that persists for a decade or longer.
There could be s",2023-01-16T11:00:10Z,,,global warming science documentary,559109,4348,PT5M56S,0.8
search,BBC Earth Science,,DMXWC5KtoFg,Surprising Discoveries in Antarctica's Climate Crisis | BBC Earth Science,https://www.youtube.com/watch?v=DMXWC5KtoFg,"Every discovery, image, and risk reveals how climate change is reshaping the most remote and fragile environments on Earth. From brown stains to a surprising discovery, can you guess what it could be?

Best of Earth Science: http://bit.ly/EarthLabOriginals 
Best of BBC Earth: http://bit.ly/TheBestOf",2024-12-14T16:00:10Z,,,global warming science documentary,182966,2438,PT6M19S,0.8
search,BBC World Service,,VyfTyfEjv9s,"How science can combat climate change conspiracies - Whose Truth? The Documentary, BBC World Service",https://www.youtube.com/watch?v=VyfTyfEjv9s,"Nobel Prize laureate Sir Paul Nurse wants science, not politics, to guide the debate surrounding climate change. But how do you convince the denialists? 

Click here to subscribe to our channel üëâüèΩ https://bbc.in/3VyyriM

Babita Sharma takes us through the evolving strategies of those who claim clima",2024-07-01T12:00:28Z,,,global warming science documentary,19171,437,PT17M32S,0.9
search,TED,,Vl6VhCAeEfQ,The Tipping Points of Climate Change ‚Äî and Where We Stand | Johan Rockstr√∂m | TED,https://www.youtube.com/watch?v=Vl6VhCAeEfQ,"We're nearly halfway through the 2020s, dubbed the most decisive decade for action on climate change. Where exactly do things stand? Climate impact scholar Johan Rockstr√∂m offers the most up-to-date scientific assessment of the state of the planet and explains what must be done to preserve Earth's r",2024-08-15T11:00:26Z,,,global warming science documentary,1405070,36259,PT18M36S,1
search,StarTalk,,tRA2SfSk2Tc,How I Think About Climate Change,https://www.youtube.com/watch?v=tRA2SfSk2Tc,"What does ‚Äúclimate change‚Äù mean? Neil deGrasse Tyson explains under-emphasized elements of climate change and humanity‚Äôs relationship to the Earth and our cities. What does the new normal look like? 

Check out our second channel, @StarTalkPlus

Get the NEW StarTalk book, 'To Infinity and Beyond: A ",2025-02-06T21:17:21Z,,,global warming science documentary,2045575,73997,PT9M46S,0.6
search,TED,,MHZMQLDr-OA,A Controversial Play ‚Äî and What It Taught Me About the Psychology of Climate | David Finnigan | TED,https://www.youtube.com/watch?v=MHZMQLDr-OA,"When playwright David Finnigan launched a new play in 2014, controversially titled ""Kill Climate Deniers,"" he was not prepared for the blowback. But the conversations with climate skeptics of all stripes ultimately taught him a fascinating lesson about how many of us think about ‚Äî and act upon ‚Äî the",2024-09-09T11:00:18Z,,,global warming science documentary,729871,20838,PT10M8S,1
search,Hot Mess,,yy3VK6OYBbU,The Basics of Climate Science  | Essentials of Environmental Science,https://www.youtube.com/watch?v=yy3VK6OYBbU,"PBS Member Stations rely on viewers like you. To support your local station, go to: http://to.pbs.org/DonateMESS
‚Üì More info and sources below ‚Üì

Welcome to our new special series about the essentials of environmental science

A series on this channel talking about the environment without focusing o",2020-07-06T18:52:38Z,,,global warming science documentary,62141,1649,PT16M,0.7
search,Verge Science,,6tesHVSZJOg,This is what sea level rise will do to coastal cities,https://www.youtube.com/watch?v=6tesHVSZJOg,"Sea level rise is already redrawing coastlines around the world. What happens when the coast retreats through a major city? We look at how the world map will change in the year 2100, and what coastal cities can do to defend themselves.

Correction: An early version of this video suggested that resea",2019-04-23T14:00:00Z,,,sea level rise documentary educational,957513,16318,PT7M19S,0.8
search,TED-Ed,,p4pWafuvdrY,How do ocean currents work? - Jennifer Verduin,https://www.youtube.com/watch?v=p4pWafuvdrY,"Dive into the science of ocean currents (including the Global Conveyor Belt current), and find out how climate change affects them.

--

In 1992, a cargo ship carrying bath toys got caught in a storm. Shipping containers washed overboard, and the waves swept 28,000 rubber ducks and other toys into t",2019-01-31T16:01:10Z,,,sea level rise documentary educational,3065326,40181,PT4M34S,0.7
search,TED-Ed,,25LW_PG2ZuI,Why isn‚Äôt the Netherlands underwater? - Stefan Al,https://www.youtube.com/watch?v=25LW_PG2ZuI,"Dig into the incredible engineering of the Netherlands‚Äô Delta Works‚Äî the most sophisticated flood prevention system in the world. 

--

In January 1953, a tidal surge shook the North Sea. The titanic waves flooded the Dutch coastline, killing almost 2,000 people. 54 years later, a similar storm thre",2020-03-24T15:01:27Z,,,sea level rise documentary educational,3611215,98979,PT5M24S,0.8